E-vec,E-val,cumulative,wins,losses,goals,total_yel_card,total_red_card,total_scoring_att,ontarget_scoring_att,hit_woodwork,att_hd_goal,att_pen_goal,att_freekick_goal,att_ibox_goal,att_obox_goal,goal_fastbreak,total_offside,clean_sheet,goals_conceded,outfielder_block,interception,total_tackle,last_man_tackle,total_clearance,head_clearance,own_goals,penalty_conceded,pen_goals_conceded,total_pass,total_through_ball,total_long_balls,total_cross,corner_taken,touches,clearance_off_line,dispossessed,penalty_save,total_high_claim,punches
numeric,numeric,numeric,numeric,numeric,numeric,numeric,numeric,numeric,numeric,numeric,numeric,numeric,numeric,numeric,numeric,numeric,numeric,numeric,numeric,numeric,numeric,numeric,numeric,numeric,numeric,numeric,numeric,numeric,numeric,numeric,numeric,numeric,numeric,numeric,numeric,numeric,numeric,numeric,numeric
PCA0,0.42484504379679044,0.30627926955661366,-0.27791032704284424,0.28519815310500896,-0.27150696198416224,0.08284706881898389,0.03175555542720122,-0.26460433865484956,-0.2870260302763109,-0.1566607749901521,-0.11369847899789548,-0.11951004746475759,-0.10517527421379128,-0.2525448276645943,-0.17946714536318994,-0.1748007716367813,-0.05654133599525927,-0.2150377174652377,0.2372784359084864,0.1872845336448611,-2.527510856785778e-05,-0.041292611685431316,-0.022961729149123485,0.08721875619171005,0.06661936509888114,0.0813588438455283,0.08941203898892844,0.09266245844039561,-0.20464994762334388,-0.17217461745284693,0.09022355198661933,-0.10259386716774951,-0.26880048479207674,-0.2379817167353616,0.08365325948229602,-0.09873791955402361,0.010183175956770714,0.061629453301468094,-0.007842267296839546
PCA1,0.15247165924620265,0.4161991311717314,-0.03633600861294719,0.013839912115578279,-0.027748360996149246,-0.054031315324766724,0.0890799673062915,0.09280542892835845,0.035326181277868816,-0.026590762542115676,-0.0008184078732083391,0.02042567037195511,0.13591400366701692,-0.046651365716031755,0.062417852416208765,0.14681267394770475,0.2127861340107335,-0.042076468637433834,0.015909632353950376,0.07370863072594963,0.21711990406261622,0.314316068422359,0.26858093044942677,0.42317963662090463,0.4256976230817557,0.07148448006512143,0.029863955602653897,0.046398764694840625,-0.17668292996299256,0.15583101466724142,-0.14323295608472794,0.24258332225065396,0.03316608400826058,-0.07703291254558794,0.1736947218941867,0.26074230244372215,-0.0025955997478994165,0.16726372723563276,0.14994009320764964
PCA2,0.08743294215035952,0.4792312838306818,0.06405137378671413,-0.0864019406032861,0.0010403971238810983,0.034623586402816146,-0.25709449852656957,-0.07329704541817596,-0.047222247044566915,-0.0439926184026585,0.022709832883812123,-0.0016600064512924222,0.17244905969499513,-0.03867449818822398,0.1656494029567539,0.0064210364269588465,0.1218806594967858,0.11966573937457384,-0.14335971433018196,0.04645303259680899,-0.33286829054441197,0.04485975755731657,-0.39044168185617767,0.28296157452120324,0.27596885702972057,0.03473208279384193,-0.3023420421536674,-0.2460702069209383,-0.08829132226507698,-0.30308715956136534,0.1519646885728365,-0.018635955734752713,-0.017993198124116136,-0.11734803952890036,-0.035607936484525836,0.028082283319645157,-0.25880840261514937,-0.10441312913600057,-0.09324090059283613
PCA3,0.0701683769562071,0.5298170669389337,-0.02409025994672633,0.05293123216664021,0.05329925037947629,0.013661084237465083,-0.10759511184243274,0.02759686706710125,0.06727438365581093,0.06316267997453114,-0.23767315782340726,0.11839539221336505,0.341932272388429,0.002206626682450044,0.2342470511951833,0.07373726645523948,0.035324845827955254,-0.10363600868533715,0.14077594915620478,0.04100318011882645,-0.052789638883064385,-0.022257194372227354,-0.035559560178189016,-0.05400839700037494,-0.08139828771646124,0.7046151540471011,0.010523885277536706,-0.059056849302771636,0.06287495117123795,0.03198464888501573,-0.13604703002940657,-0.28054239557242655,-0.056052649935495774,0.04587241845493321,-0.05350813899853101,-0.011506603699719588,0.22873511263707802,0.061961966779366155,0.10369192305171901
PCA4,0.06303969475631842,0.5752636408014554,0.056184272605828214,-0.05882635888866207,0.07457375021414064,0.029641375768985442,0.005166189337873373,-0.025328334982691998,0.016070773769370682,-0.009706619826422826,0.0033851739934453416,0.052063453295389375,0.2710060286047409,0.04519488688150185,0.15080150604547857,0.08451122909920869,-0.014120565020566467,-0.06037236542442195,0.01443578877280835,-0.044641314037281006,-0.13511486897328653,0.07659119190763433,-0.16257450038155025,0.1416606127429303,0.11672008840766741,-0.41412461016793883,0.3761042153618077,0.20824291744578846,-0.030258067499912826,-0.11404455735755427,0.13201352691517498,-0.20083283041993008,-0.07004981980848703,-0.04219792040333398,-0.010540465424044422,0.010225144194847408,0.586546763014822,-0.08931580764272308,-0.024921922723821294
PCA5,0.054387783986835504,0.6144728795474735,-0.013024749304577426,0.01780222358374271,0.15204691824740088,0.0604687601341473,-0.015628899912597617,0.011783174079038332,0.042052302732528066,0.10947297143073048,0.7013540586321941,0.08308180521214516,0.07140721850052495,0.17810847183102654,-0.05287529594883857,-0.10076248030933763,-0.013194890794063944,-0.21909732301747137,0.18662477638365538,0.11321661002478696,-0.13718169169033906,-0.1510095860719286,-0.020720949494510886,0.0007388812499200294,0.02377978964507324,0.27056011715511685,0.13769262103662966,0.13721279687170124,-0.08629791913902617,-0.08480197187746774,-0.004973507756242133,0.28537544620732874,0.11213646731437536,-0.12982476207892044,0.046805378160128426,-0.03000337590378652,0.02892241873756981,-0.0806474071371927,-0.15696223394320102
PCA6,0.04929354654267477,0.6500095808680774,0.022832765734963387,0.05407967297322281,0.06033629522688262,0.3243347607587369,0.20139801604154278,-0.002084963080969289,0.0265695440928582,-0.08083948993982373,-0.12597845345751751,0.03186357530065557,0.39716768957697046,0.032199490430387875,0.13930143590320984,0.11117069292625291,-0.09624032180729836,-0.08577354878952775,0.10426307411628158,-0.08846757649359023,0.015914787900178324,0.08567824435075941,-0.0199584487626501,-0.059927041549072906,-0.07875629602931722,-0.10347598777396091,0.15508282010993937,0.3908213717767293,-0.02071961860934196,-0.011736281771065837,-0.06945526442198588,-0.04912579087291177,0.01491307884393555,-0.036079634247349356,-0.10559367342334909,-0.009193155403062654,-0.6000511287801225,-0.06682787569951047,-0.08241911536525863
PCA7,0.04380713275041899,0.6815910170083224,-0.16482745024973966,0.1984276843370579,-0.08614770343326594,-0.11557987689992354,-0.33957754545854013,0.0947117327635924,0.06274157103229352,0.15496834105917368,-0.20306318512148355,-0.41037881218783956,0.07899755259435852,-0.11919071741311221,0.10888266618045817,0.008547063862947932,0.21665242539443647,-0.20647345940855116,0.20194979323680087,-0.13119564732546807,-0.2172530713951279,-0.047800650135507716,0.17362715569701725,-0.030536343990494978,-0.08157326878722476,-0.12297343513366035,0.010951681616814549,0.01479933321886863,0.08058299941565446,0.030509710688512742,-0.07796032371864998,0.2391895070764677,0.18983363496357689,0.07365391038920087,0.04016530419473621,0.09593079396477137,0.015912787903765387,-0.3560517818565835,-0.13476217694169407
PCA8,0.04275790006550573,0.7124160403693145,0.03606604735311136,-0.09704140795720373,-0.09548546195510298,0.3222491346779023,-0.39762504813911137,-0.05403838290694428,-0.07567689673948627,0.006744269046128755,0.0756955062378081,-0.3002713884475888,0.1053610953651216,-0.0755406818709956,-0.11992138953615387,-0.045575760667019766,0.12081327625534644,0.18850707542504425,-0.22768221866685434,-0.09008685808722557,0.026928428519075665,-0.040799196972457145,0.07789560904676465,-0.03456870459025289,-0.016938902679510273,0.07906917506081886,0.16240120866158134,0.15391680403710856,-0.005207941217454458,0.0306572948934074,0.007116819292527343,0.13041737488107677,-0.02765428562140679,0.017712890387161145,-0.3565631448335552,0.030054285268830413,0.07961836194268844,0.489543479597055,-0.1043304994952824
PCA9,0.03963362545746049,0.7409887118226683,0.028890892721583076,-0.07064445262104654,0.030501031134962997,-0.1556441421695886,-0.22586003906232172,-0.05130848668473067,-0.015421238418711302,-0.02246140864459214,0.1281321245035618,0.0108076684070079,0.4604109894904049,0.020234228442388473,0.054937342938875755,-0.07469309854521397,0.15164445290412387,0.02829204741469449,-0.04466290031079754,0.3476432488648964,0.1693387449924076,-0.14472543600826682,0.3126625760148183,-0.15110910093607405,-0.10366848055722822,-0.25794580715817716,-0.1404337099484465,-0.1327664845060698,-0.06184033522607247,0.11048263896897621,0.01002371222383713,-0.15296431406839703,-0.1596868575902109,-0.08257640624128657,0.2822421335494456,-0.2745231537965992,-0.07657638915661716,0.08338944203227536,-0.077013420155847
PCA10,0.035051686596143335,0.7662581721215371,-0.09716370181605603,0.12515707377703492,0.013129167977690925,0.21209997706626646,-0.32412533859029485,0.03703697152887304,0.013321352804565555,-0.05858576221670657,0.010052237521097785,0.23237169375536335,0.1428151015550129,0.00015385932564022237,0.05033466485844582,-0.03684571255508892,-0.45948083343626106,-0.19565579965052343,0.16546266382431046,-0.15404013763787533,0.34323250736293576,0.17022105525178957,0.05350002184187388,-0.03416647630068823,-0.03125998222495473,-0.11660577287167537,-0.19620321705935154,-0.25837203992583446,-0.04014679767595367,-0.059676103902407934,0.28332206260040843,0.16456461602064504,0.14729408539756234,0.002776737617291365,-0.11740010682744377,0.08228192406725401,0.09208974534847054,0.018834735282943205,0.08090441219288999
PCA11,0.03327155281764265,0.7902442984581693,0.044570852258979755,-0.05620341985373023,0.09483011122894777,-0.12433959886989929,-0.6129788957061234,-0.030101228400447343,0.06786403315153047,0.025652496631455524,0.01803813687081363,0.09600604562289593,-0.3550978495524143,0.09585808837571537,0.03547518298106633,0.17077362858844394,-0.09220306991220513,0.0012158582167341309,0.05963246577251838,0.0813345409678185,0.13547394555345468,0.02408603788861471,-0.08098318259255466,0.049486116197618966,0.05305659119899202,0.04115650352141073,0.21214455444562288,0.33513496345833205,0.0319897690187895,0.016856698619074573,0.03449216951852713,-0.22754480369204294,-0.10318893726465031,0.04353281377518921,0.24026150092149864,0.08475047954354964,-0.2277953359715476,-0.049902813043420126,0.13671272705362972
PCA12,0.030638929768616638,0.8123325143066208,0.02818876344934574,-0.14394236855856202,-0.04322688477822032,-0.08679532001055161,0.0745711571894883,-0.11303114619650076,-0.11612748987543982,-0.07790695069945511,-0.0038140725371662854,-0.23324100138425058,0.08007331866705969,-0.02991371045553133,-0.06749785094516073,0.41041257989187224,-0.030556550051272162,0.14157182721810624,-0.19530182748861286,0.0925263380900162,0.3118708363042919,0.06940841618751392,0.03547647576481931,-0.07087653440097563,-0.022323700708617014,0.28001437180486516,0.08285694876354777,0.051305747745717736,-0.07293016901909999,0.005207476421773317,0.39145035676326784,0.16291828297228683,-0.030412886459589283,-0.0557267149021756,-0.08080160971548053,-0.1247680786677268,0.06420741687493434,-0.4565804804735885,-0.09050706616103084
PCA13,0.02812385505912478,0.8326075626104557,0.03309620694851681,0.06254487912143511,0.0575545608644568,-0.22779960659799164,0.008004563093477208,-0.1269430146705504,-0.055091725981935256,-0.2884230956909718,0.25686756000325867,-0.17599747447723688,0.010827872829542173,0.06648282139191282,-0.008478956757051353,0.3930682328111487,-0.26386023578979206,-0.07526087050451528,0.11110226962313456,-0.2186969673177505,-0.30008231242546585,-0.10662456654871029,0.3522686393018575,0.09473242019254824,0.07142142547789651,-0.03568629816551295,-0.1228807877823303,-0.09991120226269806,0.02089614284116306,0.06296032844782606,-0.06035575471641227,-0.21066952554292379,-0.20886420482336648,0.03814288657848878,-0.25072230646075483,0.09045747859151565,-0.05110976059802421,0.07123366373515332,0.06068528654082757
PCA14,0.025732603752133737,0.8511587101313458,-0.009291365679529383,0.004419584462924719,-0.03345824137831015,-0.6572025339273521,0.04271240806076471,-0.02329896388418459,-0.03619727265455475,-0.15917099245558627,0.07625214129821391,-0.16068247652271372,0.2013660150426522,-0.07937242000040577,0.1731496992766666,-0.36888715209161616,-0.18361425008580065,0.0607063933758501,-0.008027640457404084,-0.09710063728578625,0.20436294902884963,0.08463015959368603,-0.1983168548186576,0.02896810648820393,-0.047942678265462606,0.06454076965739948,0.103652764105402,0.15747123751133277,0.11124264377131246,-0.16706700909841507,0.0010493497199004845,0.10680317176854934,0.030629808972607635,0.13318224332095283,-0.08543262848694705,0.07835526561925889,-0.08500771879932276,0.15371807080978167,-0.025495531013348206
PCA15,0.023861717875241436,0.8683610986913748,-0.053167400812328486,0.005689577103161389,-0.01751488614698897,0.1668173339009192,0.09737322915230047,0.052981024690286184,0.0930224823144222,0.1718709867096809,0.3133799008929987,-0.2736206544527856,0.06520595248468676,0.01591970472684469,-0.14265170174787584,-0.18545015558478373,0.27640905464220383,-0.07811575299816532,0.12042227663388472,-0.2392528805268171,0.2757769335159671,0.14268295961029998,-0.09940332843609712,0.06503078910800612,0.02132505019873469,0.01728040301716608,-0.10424677832082693,-0.08804635894671466,0.15890493128706026,0.058975724393629275,0.20241718917692514,-0.4018194270211484,-0.25942317420774225,0.19761988879125084,0.030547978347663287,0.20251504689076066,-0.06073698883474013,-0.13166037500962377,0.039720556629666504
PCA16,0.02165411463683487,0.8839719820256695,-2.4366980214584187e-05,-0.0066488209894296465,0.009446539665959803,0.1345749291391047,0.060728493087338464,0.007852448333302656,0.017027769906571563,0.07526492886159905,0.15271499992049256,-0.4581127930437993,-0.07266262687772067,-0.05769011922242284,0.28221960978687183,0.30003155103982815,-0.16790122397012772,-0.08379070507321162,0.03141660878991217,0.10043946210681656,0.27087080039946054,-0.07636950277236888,-0.364916547113477,-0.02852460895711301,-0.06777690376515412,-0.10511752902966362,-0.09352002632746728,-0.12015696008857762,-0.05410054834566381,-0.07288443755784427,-0.40548100728141123,-0.007810422518249082,0.08093468633582364,-0.12335908928607192,0.12151020044267197,-0.10714210011871383,0.0696808850318393,0.12384717145144993,0.1461928765126204
PCA17,0.020251665004877368,0.8985718114353917,0.1213014636419361,-0.07054442900218622,-0.004272757286384488,0.13521866567032048,0.04758555368377733,0.05906258328566821,0.06038042313062589,0.22550620146995318,-0.09800936554490457,-0.301718750877777,0.08162957016436885,0.02045617780581004,-0.10365602530191528,-0.20809508030370805,-0.5808865663240754,0.12970889470819402,-0.137248387217202,-0.03264447237475433,-0.1828085566965693,0.0664162602943062,0.18133616093194038,0.10884444347956754,0.1832798027746663,0.1423410440166626,0.026908285900757632,0.005816140988567113,0.025925415816652017,0.040215690130218494,0.02382708355035029,-0.09477514453471272,0.0241980119687613,0.03437078487741363,0.4213945341626558,-0.03091122913303117,0.017058577656089088,-0.011525908658182682,-0.18999908767967852
PCA18,0.018897163812629066,0.9121951539075049,0.02914801316680137,-0.10220561225148549,-0.007412538814528163,0.052750792413995905,-0.11512508970937467,-0.16021574909103664,-0.09555934901104604,-0.013221926414984228,0.03911870667692613,0.13644150895331505,-0.10329741988316446,-0.029689533644321576,0.09290718406006802,-0.2499705212848436,-0.0726329831922418,0.027087871453285166,-0.09997365178047654,-0.030089826477733735,0.24534863132778487,0.06533871248959289,0.13616452952180244,0.10060643152490586,0.12910154105757485,-0.0014141432505290485,-0.021404712046279816,-0.024868819567494267,-0.06868025617980297,0.04838841465931021,-0.5338308244984128,-0.16018677361625894,-0.05938822532281782,-0.07972090583307424,-0.3096992421977201,-0.0015282259754706975,0.06720173773150002,-0.40068270154092933,-0.34421612868223384
PCA19,0.01699311465646105,0.9244458293489776,0.041673011949850985,-0.13667626081513512,-0.05000193130072045,0.23701585157031563,-0.03356507022844858,-0.06248652433047694,-0.08613865278428412,-0.390653608906673,0.12384191049530056,-0.04613749031573648,0.0629641978614734,-0.08615097449717005,0.12878230716540365,-0.22488890675063708,-0.02015673030173605,0.18017266954409872,-0.1036552893456352,0.06725258258611183,-0.14334566712924554,-0.0032501661774904447,0.09772892726952258,-0.13595546792228375,-0.21737233411445459,0.03139244946164209,0.05178249812443665,-0.008198555529358354,0.015580558967352647,-0.053654318665524545,-0.11140544602212563,0.11984445175629505,-0.07872373781699661,-0.0033403920437105085,0.19961899244614187,0.38533118518901904,0.061078986444540975,-0.26780117343566656,0.4606941239582705
PCA20,0.016550709704131947,0.936377566232437,-0.07387575971102031,0.09883285441580479,-0.04093640535510562,-0.07946624437120793,-0.05888340193994735,-0.1404261652784024,-0.07273556682049595,-0.04701638812487409,-0.032404072277419343,0.12523803894808752,0.2279693235016978,0.05916539672893777,-0.43862256533435107,0.2356991999605289,-0.06482537460427977,0.11781120068662532,0.03621756206552755,0.02394471736780204,0.0012319153545985659,0.013111870594435658,-0.34115135338613334,-0.03841984113858409,-0.18799850827912756,-0.0334016875349558,-0.03080737690148341,-0.07011526256464004,0.01679762763010859,0.20278702025505996,-0.21129602492081015,0.06717855386424959,-0.05262608669296715,0.010977377483427458,0.1977068797635635,0.44515579419962237,0.05524851153121849,0.033507875876024634,-0.3327783209840794
PCA21,0.014775406686977448,0.9470294517459088,-0.01912511174194097,-0.047230703690535523,-0.032958576958715194,-0.0036043950271397868,0.10315276502586154,0.12902692107811445,0.008116384477870888,0.005285780433202804,0.06805803876839449,0.003121466618172853,-0.23303651010110862,-0.1421383523218785,0.4395712046382441,0.0575726326370377,0.03250642263099843,0.001436859134294026,-0.010188657724736719,0.11860780524381434,-0.03381652794701115,0.1350529000721669,0.15216685484845735,-0.17430429223085311,-0.2044708802729827,0.024158914793361033,-0.045295965049524683,0.0064232581270121224,-0.15102210301223146,-0.04923211183353285,0.2288242415397226,-0.18622927993643154,0.04186336820828476,-0.19255704447587435,0.05143822590329095,0.4123936235696547,0.016177170814911677,0.17706823003745092,-0.45295174749836964
PCA22,0.012962728237920284,0.9563745411947342,-0.06424189431558934,0.027919206933517134,-0.11270571179299849,-0.19035322363681598,-0.016100935140744357,-0.006006826548866598,-0.07095094392673451,0.6328192284813985,0.1032520949597685,0.08986849664676977,0.10279235874955467,-0.10071378188746931,-0.09090389208443654,0.05615434298023762,-0.09512941050996579,0.1798398528574901,-0.059348277002200696,-0.07007509764114875,-0.12119527585727607,0.24214013237252094,0.07448136032701758,-0.1179617864579872,-0.17735082779757824,-0.054871814995246335,0.01154579607878669,0.023611109260960224,-0.23474677588635726,-0.12169994647274854,-0.08291233830656569,-0.031127972551281538,-0.12136049332436,-0.27183438412820354,-0.16770987704456886,0.07643993647100791,-0.0656761005300963,-0.0532764406685553,0.3228575059367965
PCA23,0.01140513823657298,0.9645967329309771,-0.010662901764395256,0.0029677348606811406,0.00997334189549838,-0.012610667494750245,-0.08358098142228942,0.08906279301440938,0.009445904139034247,-0.26978834886155834,0.0673219208309671,0.04828118260510167,-0.037846903806915515,0.025568591967828538,-0.06527808810884068,0.05476905781377446,0.16718029368977216,0.04808285782187624,-0.036544789056374656,-0.5696314732179244,-0.0239195119985083,0.3632286836506019,0.02776741252897949,-0.056340821219837724,-0.19684869011691095,0.0960657000243012,-0.0004526365131523629,-0.012553278943842717,-0.1278511699371787,-0.17489885130277186,-0.13410034857325304,0.0001310273352385454,-0.019884950877871427,-0.19403218551368137,0.33281430698665787,-0.3492886158672556,0.05488769076397646,0.04987715263038189,-0.11713233905650527
PCA24,0.009716234456031432,0.9716013602309429,0.11359094322671856,-0.0391508851582462,0.05446068168910975,0.04435951094445573,0.06174511017845099,-0.3221399508927568,-0.29861557493656304,0.2758041854268886,-0.0723430826964742,0.15201371003850095,-0.010118087119943442,-0.013253924173089791,0.3045431687162388,0.046189848152513514,0.05692389190307926,0.040170388098601365,0.0491234685479245,-0.40952894845792087,0.13746682168105812,-0.4048191417217852,0.05981087466569548,0.03846336731533138,0.05107306670757733,0.007279321142688254,0.013908432979618721,-0.0228846241845946,0.07341825672538703,-0.04831035181321899,0.05498606662945456,0.25200672196682666,-0.2685166018145513,0.05244407066272731,0.23493892671712704,0.08470855887464922,-0.009031648725622735,0.06136744520692628,-0.05279184300192951
PCA25,0.008203715034907876,0.9775155820989613,0.1597988460576641,-0.1545034607448767,0.09960231325837333,-0.10217719494552506,-0.0013620137336512452,0.19789269401377066,0.17654280319728127,-0.0720414987038879,-0.22367839126261838,-0.11712653486612754,0.04904762151947896,0.16358158356041116,-0.22928885573871088,-0.11878378562645871,0.028882761279618873,-0.19628490768441462,-0.07828675257653823,-0.19098689474438083,0.16517446388695436,-0.45154791263276167,0.011145490366049754,0.07063050727534378,-0.037211033041910715,0.024695750331272307,0.008148246732692604,-0.010529783166375352,-0.3376181207748151,-0.110743790070184,0.040853002738091726,-0.11420740570118179,0.0748099968393572,-0.4061882740183901,-0.048689893107440776,0.2311770462852463,-0.02189699238852312,-0.024950362520085215,0.0788682732139395
PCA26,0.0071271921453033415,0.9826537171346079,-0.07101026081569589,0.3561064477612099,-0.19939886569494444,0.0072086749455012415,-0.03442760774272177,0.36742074555306137,0.1323086911253615,-0.0902449367165009,0.16437294127817784,0.11345090912630515,0.02914030479271401,-0.2534024597646482,0.1580784020750015,-0.014256468869521314,-0.07784923515336346,0.3803901460689625,-0.009686845866605481,-0.15558578708352394,0.014721763964660295,-0.30023280361029997,-0.15341877739160087,0.037088621355446764,0.11968418843907357,0.009946661611565329,0.06328023230871457,0.032029112978519354,-0.1455018405264269,0.4030049015896223,0.06697427177995154,-0.027814942738957564,-0.08118993177300546,-0.09130837204579546,-0.011305443713808132,-0.1050367598659041,-0.0016890803728255004,-0.10788371340223579,0.001499431690038625
PCA27,0.005896361178664377,0.9869045215660399,-0.21197672337362125,-0.10529414118883552,-0.2915356614627354,0.02369081269462623,0.027746188254402185,0.08680516824775084,0.027458452322271176,0.013536730545512451,0.13155176018474757,0.18604344355237165,0.09527342305840647,-0.2831835887783899,-0.14706189592595226,0.20914923781130135,0.010290949128428824,0.0914722229466518,-0.06220950223295935,-0.046952145108627025,0.11116355644350376,-0.26578195889671186,0.17611810827603497,0.019639696490091937,0.10621829554960158,0.004129953672251911,0.006816371439823513,0.07326530666680843,0.15292152860937352,-0.4889221786614159,-0.09785397287839241,-0.21572407252434278,0.35573475784570324,0.19099284205060668,0.10802352158393538,0.05707707535801709,-0.0033510823172071165,-0.005408099289551507,-0.020663347233539447
PCA28,0.005011118844503908,0.9905171371343886,-0.04199521598173694,-0.09546132588588489,0.009865079384416182,-0.0351420442612171,-0.00015105519105042698,-0.3539802103592039,-0.3180353678023991,0.012357030266192576,0.07289586921339783,-0.03898393092896062,0.02357905582439259,0.002290692982894575,0.039840726050104455,-0.08333660967030088,0.06528456177694979,0.05450077085231324,0.08415987815544151,-0.14210493490984918,-0.04710663385958269,0.0071257960923436685,-0.04981089263495098,0.04857178220939181,-0.007685292237043077,0.012968051514397852,0.01313188774195407,0.005979368532888251,-0.12077381240314682,0.3918710474308846,0.11692217774529505,-0.27786860077875947,0.644423678329142,-0.09120116578800759,0.051336340303825966,-0.03017982504465358,-0.031571140769350005,0.02179765103205458,0.12473843116325939
PCA29,0.004707656016415035,0.993910980294581,0.3184133006672646,0.5067975476058459,0.20164330258381502,0.04101584738305431,0.012791437480709128,-0.09325614302632905,-0.016814726424266624,-0.01719084913347807,-0.04701356138798696,-0.10924880320718283,-0.022588324071170326,0.23085125318947686,-0.03732251275419149,-0.020080463372117066,0.10260002896542776,0.48010427852491994,0.2867618567555665,0.09444092431528345,0.12699765392559687,0.02020869637249042,0.12784478206832495,-0.07836978795149123,0.08497673714161533,-0.0012944022941082448,-0.00410602090888669,-0.01901166805692922,-0.04569730217648904,-0.31693153431479715,-0.013792369435404433,-0.06912886301656081,0.15899459937591784,-0.009260774481505668,-0.027550981724949693,0.06445327903330572,0.058153220205490366,-0.011995390736712373,-0.01161254774979966
PCA30,0.0027138168570993593,0.9958674250191671,0.2156047571307218,0.512651145741496,-0.0015485083970148417,-0.027229190320096644,-0.014632186842932559,-0.026729351754084793,-0.1565961614332911,0.013700869207319652,0.0817971505290837,0.041154403829099837,0.024743491994602664,-0.008236563375309564,0.010117782016497281,0.018677622150713197,0.04071795302349508,-0.3894845320406134,-0.6294590867478251,-0.03095382344082112,0.004505910081588431,0.03105676902791166,-0.01951959417278809,-0.21943770371888127,0.1412652960179253,0.021419226079606373,-0.00864970622796575,0.0458413262237206,0.039679657526279485,0.00036797236460882343,-0.014280064733304905,-0.08705466794592115,0.07724731077746083,0.04139731570794414,0.07128343905761544,0.08282326803459161,-0.002600239272008334,-0.019120812703383963,0.05302036535646721
PCA31,0.002002840269731702,0.997311312534883,-0.7184264772548614,0.1778419820636939,0.3169167501382054,0.0353255057494655,0.03782150143766318,-0.11120086240574623,0.10341747595841044,0.009622948154772146,-0.03113216525905039,-0.045295864479370035,-0.018340787874367534,0.32297739026926603,0.11292003408838655,-0.03051452387748884,-0.015005583799836575,0.16257344034318405,-0.33004262822364994,-0.002999536580713849,0.028312483588375084,-0.08266018261843774,0.06570783582775458,0.1879717338827408,-0.11615348178494499,-0.0021399757642130215,0.02755970047546344,-0.005233377918420046,0.023508888587872596,-0.05946712193217393,0.023219556023812406,-0.027614833609073824,-0.0054514229871368836,-0.03654827862421626,0.00787805943737301,0.01941843049941981,-0.006760425268059481,0.007271819169074732,0.012615582346576518
PCA32,0.0016033868848149822,0.9984672261346016,-0.2842879816409165,-0.17884455358462692,0.13717094425640022,-0.03578184143940474,-0.014729855185340358,0.26716036957496125,-0.3283736103022331,-0.03930049280863048,-0.052485038108507534,-0.05561452709901196,0.026410389508554646,0.15506744439267228,-0.017150234657174378,-0.008263195870383412,0.005194442010663835,0.046371860968200874,0.10916316619127593,-0.05937995871510556,-0.023436824629733566,0.025365273089716957,-0.06677336994145452,-0.579471622629941,0.5239777796229259,-0.01288774205322761,0.062101291167434396,-0.06453706427482986,-0.044598218441044606,-0.008951263278448956,-0.05501474575586094,-0.013376163309018186,-0.05317993328374228,-0.018656495627853063,0.0026964694973259686,0.0653846319118998,-0.022830912207233586,0.00924533483766808,0.006391634193896677
PCA33,0.0011311661318731058,0.9992827063706922,0.05013367387883141,0.01947507304357261,0.09762129559327097,0.025899486165258587,-0.02903942637973153,0.5292233163722365,-0.669748214143825,0.02535206604234943,-0.0011634242187782329,-0.005264252553424706,0.005570405545627751,0.11025495098115771,-0.028420316395989152,0.014926723616618499,-0.01975951659269365,-0.006370949118896225,0.003905398789439069,0.08753536494486812,0.017688758284122606,-0.02641133909888507,0.021846349374199454,0.352793681650122,-0.27533235957794105,-0.001685374393093293,-0.09337041717920051,0.09115376526027195,0.06845472101065264,-0.032677743822103186,-0.014877070806087443,-0.04505019505500162,-0.005211877447616579,0.07657379045830237,-0.02121527222633011,-0.031193134655240755,0.020170971144135186,-0.029434204813944653,-0.006668734630584276
PCA34,0.0006860815368228643,0.9997773162408613,0.04822590815455053,0.03162442926514137,-0.020236954663526322,-0.0071435975750720835,-0.0070484985053144945,0.06120523728442084,-0.05565189701229963,0.003708069383452856,0.01615866026043213,0.011212440844664155,-0.014962637218723991,-0.01956044093556963,0.006427151288973912,0.02399303209346999,0.008213889398411563,-0.032972332859172615,-0.015130996849066873,0.030724563395609156,0.014367553910424283,0.023265236224107692,0.029474388102398847,0.09090493456219233,-0.06356877639443438,0.0020279631992109904,0.7076709537316703,-0.6282159585039424,0.1196919421486739,-0.030022086706580107,-0.008211626161590421,-0.03696629452857962,0.027218314986286525,-0.05382426659587893,-0.01616720465873259,0.0008570811073817953,-0.2332747797594329,0.013174653335880887,-0.028952291707856813
PCA35,0.0003071443841467993,0.9999987427562425,0.012779633018222325,0.014719571102349248,-0.014854682402899203,-0.0073685176128415525,-0.0037848609095842726,0.014296027582530206,-0.0029168024375591664,-0.011018386096135134,0.001221715779266829,0.013289368789140388,0.011356197727944333,-0.028939330583522112,-0.02477025768902178,0.0027974459687707255,-0.001665716025713102,0.038926580064532354,0.024447851770073713,9.878277909821455e-05,0.03345733262211098,0.025056659308097837,0.0288687134412074,0.008937322324195637,0.08454248535810875,-0.0018932175131759696,-0.08585381085824274,0.08363975965324945,0.7369395554519615,0.052939413507265706,0.03193284966102544,0.011213213136867666,0.023370551132436787,-0.648943306344429,-0.01900571612058952,0.02177970179310438,0.028095319477088317,0.007059778549221456,0.023673700362062677
PCA36,1.7439436236969407e-06,1.0,0.0025916398307602177,0.0001684027885232505,-0.7287470448865422,-4.662939542186828e-05,-7.940452977726192e-05,0.0014977346863323526,-0.0014269518117318442,-0.0005900300010591164,0.0002770217037168475,0.0013602118582117934,0.0009927379460674228,0.6658600967244478,0.15926331814003658,-0.0002698889449976871,-0.00034910794714584914,-0.0021256186914623554,-0.0009628830510600428,0.00015808978178688537,0.000950933986384711,0.001682472528600848,-0.00040933020514935525,-3.609311633561568e-05,0.00037821908587537534,-0.00015017739547324577,-0.003590001157563659,0.0028460041586295254,0.009172201644027878,0.0001101435005155249,4.697729194445832e-05,0.001396954404390166,0.0008588468040196251,-0.007536329756069007,0.0005606128777484189,0.001202858836362064,0.0012323398875419278,0.0011317690305985145,0.00025715536940916495
